LocalTime, GPSTime, ESSID, BSSID, Power, Security, Latitude, Longitude, Latitude Error, Longitude Error, Type
2025-03-05 18:40:38,1900-01-00 00:00:00,,AA:42:A1:02:19:3F,-16, ,0.000000,0.000000,0.000,0.000,AP
2025-03-05 18:40:38,1900-01-00 00:00:00,Kowalski,AA:42:A1:02:19:3F,-16, WPA2 ,0.000000,0.000000,0.000,0.000,AP
2025-03-05 18:40:38,1900-01-00 00:00:00,Kowalski,AA:42:A1:02:19:3F,-16, WPA2 ,0.000000,0.000000,0.000,0.000,AP
2025-03-05 18:40:38,1900-01-00 00:00:00,Kowalski,AA:42:A1:02:19:3F,-15, WPA2 ,0.000000,0.000000,0.000,0.000,AP
2025-03-05 18:40:38,1900-01-00 00:00:00,,82:45:EE:9E:43:25,-41,,0.000000,0.000000,0.000,0.000,Client
2025-03-05 18:40:38,1900-01-00 00:00:00,Kowalski,AA:42:A1:02:19:3F,-16, WPA2 ,0.000000,0.000000,0.000,0.000,AP
2025-03-05 18:40:38,1900-01-00 00:00:00,Kowalski,AA:42:A1:02:19:3F,-15, WPA2 ,0.000000,0.000000,0.000,0.000,AP
2025-03-05 18:40:38,1900-01-00 00:00:00,Kowalski,AA:42:A1:02:19:3F,-16, WPA2 ,0.000000,0.000000,0.000,0.000,AP
2025-03-05 18:40:39,1900-01-00 00:00:00,Kowalski,AA:42:A1:02:19:3F,-16, WPA2 ,0.000000,0.000000,0.000,0.000,AP
2025-03-05 18:40:39,1900-01-00 00:00:00,Kowalski,AA:42:A1:02:19:3F,-16, WPA2 ,0.000000,0.000000,0.000,0.000,AP
2025-03-05 18:40:39,1900-01-00 00:00:00,Kowalski,AA:42:A1:02:19:3F,-15, WPA2 ,0.000000,0.000000,0.000,0.000,AP
2025-03-05 18:40:39,1900-01-00 00:00:00,Kowalski,AA:42:A1:02:19:3F,-16, WPA2 ,0.000000,0.000000,0.000,0.000,AP
2025-03-05 18:40:39,1900-01-00 00:00:00,Kowalski,AA:42:A1:02:19:3F,-17, WPA2 ,0.000000,0.000000,0.000,0.000,AP
2025-03-05 18:40:39,1900-01-00 00:00:00,Kowalski,AA:42:A1:02:19:3F,-17, WPA2 ,0.000000,0.000000,0.000,0.000,AP
2025-03-05 18:40:39,1900-01-00 00:00:00,Kowalski,AA:42:A1:02:19:3F,-15, WPA2 ,0.000000,0.000000,0.000,0.000,AP
2025-03-05 18:40:39,1900-01-00 00:00:00,Kowalski,AA:42:A1:02:19:3F,-16, WPA2 ,0.000000,0.000000,0.000,0.000,AP
2025-03-05 18:40:39,1900-01-00 00:00:00,Kowalski,AA:42:A1:02:19:3F,-15, WPA2 ,0.000000,0.000000,0.000,0.000,AP
2025-03-05 18:40:39,1900-01-00 00:00:00,Kowalski,AA:42:A1:02:19:3F,-16, WPA2 ,0.000000,0.000000,0.000,0.000,AP
2025-03-05 18:40:40,1900-01-00 00:00:00,Kowalski,AA:42:A1:02:19:3F,-17, WPA2 ,0.000000,0.000000,0.000,0.000,AP
2025-03-05 18:40:40,1900-01-00 00:00:00,Kowalski,AA:42:A1:02:19:3F,-16, WPA2 ,0.000000,0.000000,0.000,0.000,AP
2025-03-05 18:40:40,1900-01-00 00:00:00,Kowalski,AA:42:A1:02:19:3F,-15, WPA2 ,0.000000,0.000000,0.000,0.000,AP
2025-03-05 18:40:40,1900-01-00 00:00:00,Kowalski,AA:42:A1:02:19:3F,-15, WPA2 ,0.000000,0.000000,0.000,0.000,AP
2025-03-05 18:40:40,1900-01-00 00:00:00,Kowalski,AA:42:A1:02:19:3F,-15, WPA2 ,0.000000,0.000000,0.000,0.000,AP
2025-03-05 18:40:40,1900-01-00 00:00:00,Kowalski,AA:42:A1:02:19:3F,-15, WPA2 ,0.000000,0.000000,0.000,0.000,AP
2025-03-05 18:40:40,1900-01-00 00:00:00,Kowalski,AA:42:A1:02:19:3F,-16, WPA2 ,0.000000,0.000000,0.000,0.000,AP
2025-03-05 18:40:40,1900-01-00 00:00:00,Kowalski,AA:42:A1:02:19:3F,-14, WPA2 ,0.000000,0.000000,0.000,0.000,AP
2025-03-05 18:40:40,1900-01-00 00:00:00,Kowalski,AA:42:A1:02:19:3F,-16, WPA2 ,0.000000,0.000000,0.000,0.000,AP
2025-03-05 18:40:40,1900-01-00 00:00:00,Kowalski,AA:42:A1:02:19:3F,-16, WPA2 ,0.000000,0.000000,0.000,0.000,AP
2025-03-05 18:40:40,1900-01-00 00:00:00,Kowalski,AA:42:A1:02:19:3F,-15, WPA2 ,0.000000,0.000000,0.000,0.000,AP
2025-03-05 18:40:40,1900-01-00 00:00:00,Kowalski,AA:42:A1:02:19:3F,-16, WPA2 ,0.000000,0.000000,0.000,0.000,AP
2025-03-05 18:40:40,1900-01-00 00:00:00,Kowalski,AA:42:A1:02:19:3F,-15, WPA2 ,0.000000,0.000000,0.000,0.000,AP
2025-03-05 18:40:40,1900-01-00 00:00:00,Kowalski,AA:42:A1:02:19:3F,-17, WPA2 ,0.000000,0.000000,0.000,0.000,AP
2025-03-05 18:40:40,1900-01-00 00:00:00,Kowalski,AA:42:A1:02:19:3F,-16, WPA2 ,0.000000,0.000000,0.000,0.000,AP
2025-03-05 18:40:40,1900-01-00 00:00:00,Kowalski,AA:42:A1:02:19:3F,-15, WPA2 ,0.000000,0.000000,0.000,0.000,AP
2025-03-05 18:40:40,1900-01-00 00:00:00,Kowalski,AA:42:A1:02:19:3F,-17, WPA2 ,0.000000,0.000000,0.000,0.000,AP
2025-03-05 18:40:40,1900-01-00 00:00:00,Kowalski,AA:42:A1:02:19:3F,-16, WPA2 ,0.000000,0.000000,0.000,0.000,AP
2025-03-05 18:40:41,1900-01-00 00:00:00,Kowalski,AA:42:A1:02:19:3F,-16, WPA2 ,0.000000,0.000000,0.000,0.000,AP
2025-03-05 18:40:41,1900-01-00 00:00:00,Kowalski,AA:42:A1:02:19:3F,-17, WPA2 ,0.000000,0.000000,0.000,0.000,AP
2025-03-05 18:40:41,1900-01-00 00:00:00,Kowalski,AA:42:A1:02:19:3F,-16, WPA2 ,0.000000,0.000000,0.000,0.000,AP
2025-03-05 18:40:41,1900-01-00 00:00:00,Kowalski,AA:42:A1:02:19:3F,-16, WPA2 ,0.000000,0.000000,0.000,0.000,AP
2025-03-05 18:40:41,1900-01-00 00:00:00,Kowalski,AA:42:A1:02:19:3F,-16, WPA2 ,0.000000,0.000000,0.000,0.000,AP
2025-03-05 18:40:41,1900-01-00 00:00:00,Kowalski,AA:42:A1:02:19:3F,-16, WPA2 ,0.000000,0.000000,0.000,0.000,AP
2025-03-05 18:40:41,1900-01-00 00:00:00,Kowalski,AA:42:A1:02:19:3F,-16, WPA2 ,0.000000,0.000000,0.000,0.000,AP
2025-03-05 18:40:41,1900-01-00 00:00:00,Kowalski,AA:42:A1:02:19:3F,-16, WPA2 ,0.000000,0.000000,0.000,0.000,AP
2025-03-05 18:40:41,1900-01-00 00:00:00,Kowalski,AA:42:A1:02:19:3F,-17, WPA2 ,0.000000,0.000000,0.000,0.000,AP
2025-03-05 18:40:42,1900-01-00 00:00:00,Kowalski,AA:42:A1:02:19:3F,-15, WPA2 ,0.000000,0.000000,0.000,0.000,AP
2025-03-05 18:40:42,1900-01-00 00:00:00,Kowalski,AA:42:A1:02:19:3F,-15, WPA2 ,0.000000,0.000000,0.000,0.000,AP
2025-03-05 18:40:42,1900-01-00 00:00:00,Kowalski,AA:42:A1:02:19:3F,-17, WPA2 ,0.000000,0.000000,0.000,0.000,AP
2025-03-05 18:40:42,1900-01-00 00:00:00,,82:45:EE:9E:43:25,-27,,0.000000,0.000000,0.000,0.000,Client
2025-03-05 18:40:42,1900-01-00 00:00:00,Kowalski,AA:42:A1:02:19:3F,-16, WPA2 ,0.000000,0.000000,0.000,0.000,AP
2025-03-05 18:40:42,1900-01-00 00:00:00,,82:45:EE:9E:43:25,-28,,0.000000,0.000000,0.000,0.000,Client
2025-03-05 18:40:42,1900-01-00 00:00:00,,82:45:EE:9E:43:25,-28,,0.000000,0.000000,0.000,0.000,Client
2025-03-05 18:40:42,1900-01-00 00:00:00,Kowalski,AA:42:A1:02:19:3F,-16, WPA2 ,0.000000,0.000000,0.000,0.000,AP
2025-03-05 18:40:42,1900-01-00 00:00:00,,82:45:EE:9E:43:25,-25,,0.000000,0.000000,0.000,0.000,Client
2025-03-05 18:40:42,1900-01-00 00:00:00,Kowalski,AA:42:A1:02:19:3F,-16, WPA2 ,0.000000,0.000000,0.000,0.000,AP
2025-03-05 18:40:42,1900-01-00 00:00:00,Kowalski,AA:42:A1:02:19:3F,-16, WPA2 ,0.000000,0.000000,0.000,0.000,AP
2025-03-05 18:40:42,1900-01-00 00:00:00,Kowalski,AA:42:A1:02:19:3F,-15, WPA2 ,0.000000,0.000000,0.000,0.000,AP
2025-03-05 18:40:42,1900-01-00 00:00:00,Kowalski,AA:42:A1:02:19:3F,-14, WPA2 ,0.000000,0.000000,0.000,0.000,AP
2025-03-05 18:40:42,1900-01-00 00:00:00,Kowalski,AA:42:A1:02:19:3F,-15, WPA2 ,0.000000,0.000000,0.000,0.000,AP
2025-03-05 18:40:43,1900-01-00 00:00:00,Kowalski,AA:42:A1:02:19:3F,-15, WPA2 ,0.000000,0.000000,0.000,0.000,AP
2025-03-05 18:40:43,1900-01-00 00:00:00,Kowalski,AA:42:A1:02:19:3F,-14, WPA2 ,0.000000,0.000000,0.000,0.000,AP
2025-03-05 18:40:43,1900-01-00 00:00:00,Kowalski,AA:42:A1:02:19:3F,-13, WPA2 ,0.000000,0.000000,0.000,0.000,AP
2025-03-05 18:40:43,1900-01-00 00:00:00,Kowalski,AA:42:A1:02:19:3F,-16, WPA2 ,0.000000,0.000000,0.000,0.000,AP
2025-03-05 18:40:43,1900-01-00 00:00:00,Kowalski,AA:42:A1:02:19:3F,-13, WPA2 ,0.000000,0.000000,0.000,0.000,AP
2025-03-05 18:40:43,1900-01-00 00:00:00,Kowalski,AA:42:A1:02:19:3F,-15, WPA2 ,0.000000,0.000000,0.000,0.000,AP
2025-03-05 18:40:43,1900-01-00 00:00:00,Kowalski,AA:42:A1:02:19:3F,-15, WPA2 ,0.000000,0.000000,0.000,0.000,AP
2025-03-05 18:40:43,1900-01-00 00:00:00,Kowalski,AA:42:A1:02:19:3F,-15, WPA2 ,0.000000,0.000000,0.000,0.000,AP
2025-03-05 18:40:43,1900-01-00 00:00:00,,82:45:EE:9E:43:25,-76,,0.000000,0.000000,0.000,0.000,Client
2025-03-05 18:40:43,1900-01-00 00:00:00,,82:45:EE:9E:43:25,-33,,0.000000,0.000000,0.000,0.000,Client
2025-03-05 18:40:43,1900-01-00 00:00:00,,82:45:EE:9E:43:25,-35,,0.000000,0.000000,0.000,0.000,Client
2025-03-05 18:40:43,1900-01-00 00:00:00,Kowalski,AA:42:A1:02:19:3F,-15, WPA2 ,0.000000,0.000000,0.000,0.000,AP
2025-03-05 18:40:43,1900-01-00 00:00:00,,82:45:EE:9E:43:25,-34,,0.000000,0.000000,0.000,0.000,Client
2025-03-05 18:40:43,1900-01-00 00:00:00,Kowalski,AA:42:A1:02:19:3F,-14, WPA2 ,0.000000,0.000000,0.000,0.000,AP
2025-03-05 18:40:43,1900-01-00 00:00:00,,82:45:EE:9E:43:25,-36,,0.000000,0.000000,0.000,0.000,Client
2025-03-05 18:40:44,1900-01-00 00:00:00,,82:45:EE:9E:43:25,-34,,0.000000,0.000000,0.000,0.000,Client
2025-03-05 18:40:44,1900-01-00 00:00:00,Kowalski,AA:42:A1:02:19:3F,-16, WPA2 ,0.000000,0.000000,0.000,0.000,AP
2025-03-05 18:40:44,1900-01-00 00:00:00,,82:45:EE:9E:43:25,-35,,0.000000,0.000000,0.000,0.000,Client
2025-03-05 18:40:44,1900-01-00 00:00:00,,82:45:EE:9E:43:25,-36,,0.000000,0.000000,0.000,0.000,Client
2025-03-05 18:40:44,1900-01-00 00:00:00,Kowalski,AA:42:A1:02:19:3F,-16, WPA2 ,0.000000,0.000000,0.000,0.000,AP
2025-03-05 18:40:44,1900-01-00 00:00:00,,82:45:EE:9E:43:25,-29,,0.000000,0.000000,0.000,0.000,Client
2025-03-05 18:40:44,1900-01-00 00:00:00,Kowalski,AA:42:A1:02:19:3F,-13, WPA2 ,0.000000,0.000000,0.000,0.000,AP
2025-03-05 18:40:44,1900-01-00 00:00:00,,82:45:EE:9E:43:25,-32,,0.000000,0.000000,0.000,0.000,Client
2025-03-05 18:40:44,1900-01-00 00:00:00,Kowalski,AA:42:A1:02:19:3F,-14, WPA2 ,0.000000,0.000000,0.000,0.000,AP
2025-03-05 18:40:44,1900-01-00 00:00:00,,82:45:EE:9E:43:25,-36,,0.000000,0.000000,0.000,0.000,Client
2025-03-05 18:40:44,1900-01-00 00:00:00,,82:45:EE:9E:43:25,-34,,0.000000,0.000000,0.000,0.000,Client
2025-03-05 18:40:44,1900-01-00 00:00:00,Kowalski,AA:42:A1:02:19:3F,-15, WPA2 ,0.000000,0.000000,0.000,0.000,AP
2025-03-05 18:40:44,1900-01-00 00:00:00,Kowalski,AA:42:A1:02:19:3F,-15, WPA2 ,0.000000,0.000000,0.000,0.000,AP
2025-03-05 18:40:44,1900-01-00 00:00:00,Kowalski,AA:42:A1:02:19:3F,-14, WPA2 ,0.000000,0.000000,0.000,0.000,AP
2025-03-05 18:40:44,1900-01-00 00:00:00,Kowalski,AA:42:A1:02:19:3F,-14, WPA2 ,0.000000,0.000000,0.000,0.000,AP
2025-03-05 18:40:44,1900-01-00 00:00:00,Kowalski,AA:42:A1:02:19:3F,-14, WPA2 ,0.000000,0.000000,0.000,0.000,AP
2025-03-05 18:40:44,1900-01-00 00:00:00,Kowalski,AA:42:A1:02:19:3F,-15, WPA2 ,0.000000,0.000000,0.000,0.000,AP
2025-03-05 18:40:45,1900-01-00 00:00:00,,82:45:EE:9E:43:25,-32,,0.000000,0.000000,0.000,0.000,Client
2025-03-05 18:40:45,1900-01-00 00:00:00,Kowalski,AA:42:A1:02:19:3F,-16, WPA2 ,0.000000,0.000000,0.000,0.000,AP
2025-03-05 18:40:45,1900-01-00 00:00:00,Kowalski,AA:42:A1:02:19:3F,-15, WPA2 ,0.000000,0.000000,0.000,0.000,AP
2025-03-05 18:40:45,1900-01-00 00:00:00,,82:45:EE:9E:43:25,-33,,0.000000,0.000000,0.000,0.000,Client
2025-03-05 18:40:45,1900-01-00 00:00:00,Kowalski,AA:42:A1:02:19:3F,-14, WPA2 ,0.000000,0.000000,0.000,0.000,AP
2025-03-05 18:40:45,1900-01-00 00:00:00,Kowalski,AA:42:A1:02:19:3F,-14, WPA2 ,0.000000,0.000000,0.000,0.000,AP
2025-03-05 18:40:45,1900-01-00 00:00:00,Kowalski,AA:42:A1:02:19:3F,-16, WPA2 ,0.000000,0.000000,0.000,0.000,AP
2025-03-05 18:40:45,1900-01-00 00:00:00,,82:45:EE:9E:43:25,-36,,0.000000,0.000000,0.000,0.000,Client
2025-03-05 18:40:45,1900-01-00 00:00:00,Kowalski,AA:42:A1:02:19:3F,-15, WPA2 ,0.000000,0.000000,0.000,0.000,AP
2025-03-05 18:40:45,1900-01-00 00:00:00,Kowalski,AA:42:A1:02:19:3F,-15, WPA2 ,0.000000,0.000000,0.000,0.000,AP
2025-03-05 18:40:45,1900-01-00 00:00:00,Kowalski,AA:42:A1:02:19:3F,-15, WPA2 ,0.000000,0.000000,0.000,0.000,AP
2025-03-05 18:40:45,1900-01-00 00:00:00,Kowalski,AA:42:A1:02:19:3F,-15, WPA2 ,0.000000,0.000000,0.000,0.000,AP
2025-03-05 18:40:45,1900-01-00 00:00:00,,82:45:EE:9E:43:25,-40,,0.000000,0.000000,0.000,0.000,Client
2025-03-05 18:40:45,1900-01-00 00:00:00,Kowalski,AA:42:A1:02:19:3F,-13, WPA2 ,0.000000,0.000000,0.000,0.000,AP
2025-03-05 18:40:45,1900-01-00 00:00:00,Kowalski,AA:42:A1:02:19:3F,-14, WPA2 ,0.000000,0.000000,0.000,0.000,AP
2025-03-05 18:40:45,1900-01-00 00:00:00,Kowalski,AA:42:A1:02:19:3F,-15, WPA2 ,0.000000,0.000000,0.000,0.000,AP
2025-03-05 18:40:46,1900-01-00 00:00:00,,82:45:EE:9E:43:25,-35,,0.000000,0.000000,0.000,0.000,Client
2025-03-05 18:40:46,1900-01-00 00:00:00,Kowalski,AA:42:A1:02:19:3F,-13, WPA2 ,0.000000,0.000000,0.000,0.000,AP
2025-03-05 18:40:46,1900-01-00 00:00:00,,82:45:EE:9E:43:25,-38,,0.000000,0.000000,0.000,0.000,Client
2025-03-05 18:40:46,1900-01-00 00:00:00,Kowalski,AA:42:A1:02:19:3F,-15, WPA2 ,0.000000,0.000000,0.000,0.000,AP
2025-03-05 18:40:46,1900-01-00 00:00:00,,82:45:EE:9E:43:25,-33,,0.000000,0.000000,0.000,0.000,Client
2025-03-05 18:40:46,1900-01-00 00:00:00,Kowalski,AA:42:A1:02:19:3F,-14, WPA2 ,0.000000,0.000000,0.000,0.000,AP
2025-03-05 18:40:46,1900-01-00 00:00:00,,82:45:EE:9E:43:25,-32,,0.000000,0.000000,0.000,0.000,Client
2025-03-05 18:40:46,1900-01-00 00:00:00,Kowalski,AA:42:A1:02:19:3F,-15, WPA2 ,0.000000,0.000000,0.000,0.000,AP
2025-03-05 18:40:46,1900-01-00 00:00:00,,82:45:EE:9E:43:25,-35,,0.000000,0.000000,0.000,0.000,Client
2025-03-05 18:40:46,1900-01-00 00:00:00,,82:45:EE:9E:43:25,-33,,0.000000,0.000000,0.000,0.000,Client
2025-03-05 18:40:46,1900-01-00 00:00:00,Kowalski,AA:42:A1:02:19:3F,-15, WPA2 ,0.000000,0.000000,0.000,0.000,AP
2025-03-05 18:40:46,1900-01-00 00:00:00,,82:45:EE:9E:43:25,-35,,0.000000,0.000000,0.000,0.000,Client
2025-03-05 18:40:46,1900-01-00 00:00:00,Kowalski,AA:42:A1:02:19:3F,-15, WPA2 ,0.000000,0.000000,0.000,0.000,AP
2025-03-05 18:40:46,1900-01-00 00:00:00,,82:45:EE:9E:43:25,-33,,0.000000,0.000000,0.000,0.000,Client
2025-03-05 18:40:46,1900-01-00 00:00:00,,82:45:EE:9E:43:25,-34,,0.000000,0.000000,0.000,0.000,Client
2025-03-05 18:40:46,1900-01-00 00:00:00,Kowalski,AA:42:A1:02:19:3F,-14, WPA2 ,0.000000,0.000000,0.000,0.000,AP
2025-03-05 18:40:46,1900-01-00 00:00:00,,82:45:EE:9E:43:25,-33,,0.000000,0.000000,0.000,0.000,Client
2025-03-05 18:40:46,1900-01-00 00:00:00,,82:45:EE:9E:43:25,-34,,0.000000,0.000000,0.000,0.000,Client
2025-03-05 18:40:46,1900-01-00 00:00:00,Kowalski,AA:42:A1:02:19:3F,-13, WPA2 ,0.000000,0.000000,0.000,0.000,AP
2025-03-05 18:40:46,1900-01-00 00:00:00,Kowalski,AA:42:A1:02:19:3F,-17, WPA2 ,0.000000,0.000000,0.000,0.000,AP
2025-03-05 18:40:46,1900-01-00 00:00:00,,82:45:EE:9E:43:25,-39,,0.000000,0.000000,0.000,0.000,Client
2025-03-05 18:40:47,1900-01-00 00:00:00,Kowalski,AA:42:A1:02:19:3F,-14, WPA2 ,0.000000,0.000000,0.000,0.000,AP
2025-03-05 18:40:47,1900-01-00 00:00:00,,82:45:EE:9E:43:25,-35,,0.000000,0.000000,0.000,0.000,Client
2025-03-05 18:40:47,1900-01-00 00:00:00,Kowalski,AA:42:A1:02:19:3F,-15, WPA2 ,0.000000,0.000000,0.000,0.000,AP
2025-03-05 18:40:47,1900-01-00 00:00:00,Kowalski,AA:42:A1:02:19:3F,-16, WPA2 ,0.000000,0.000000,0.000,0.000,AP
2025-03-05 18:40:47,1900-01-00 00:00:00,,82:45:EE:9E:43:25,-41,,0.000000,0.000000,0.000,0.000,Client
2025-03-05 18:40:47,1900-01-00 00:00:00,Kowalski,AA:42:A1:02:19:3F,-14, WPA2 ,0.000000,0.000000,0.000,0.000,AP
2025-03-05 18:40:47,1900-01-00 00:00:00,,82:45:EE:9E:43:25,-37,,0.000000,0.000000,0.000,0.000,Client
2025-03-05 18:40:47,1900-01-00 00:00:00,Kowalski,AA:42:A1:02:19:3F,-14, WPA2 ,0.000000,0.000000,0.000,0.000,AP
2025-03-05 18:40:47,1900-01-00 00:00:00,,82:45:EE:9E:43:25,-36,,0.000000,0.000000,0.000,0.000,Client
2025-03-05 18:40:47,1900-01-00 00:00:00,Kowalski,AA:42:A1:02:19:3F,-13, WPA2 ,0.000000,0.000000,0.000,0.000,AP
2025-03-05 18:40:47,1900-01-00 00:00:00,,82:45:EE:9E:43:25,-38,,0.000000,0.000000,0.000,0.000,Client
2025-03-05 18:40:47,1900-01-00 00:00:00,,82:45:EE:9E:43:25,-38,,0.000000,0.000000,0.000,0.000,Client
2025-03-05 18:40:47,1900-01-00 00:00:00,Kowalski,AA:42:A1:02:19:3F,-15, WPA2 ,0.000000,0.000000,0.000,0.000,AP
2025-03-05 18:40:47,1900-01-00 00:00:00,,82:45:EE:9E:43:25,-38,,0.000000,0.000000,0.000,0.000,Client
2025-03-05 18:40:47,1900-01-00 00:00:00,,82:45:EE:9E:43:25,-37,,0.000000,0.000000,0.000,0.000,Client
2025-03-05 18:40:47,1900-01-00 00:00:00,Kowalski,AA:42:A1:02:19:3F,-13, WPA2 ,0.000000,0.000000,0.000,0.000,AP
2025-03-05 18:40:47,1900-01-00 00:00:00,,82:45:EE:9E:43:25,-39,,0.000000,0.000000,0.000,0.000,Client
2025-03-05 18:40:47,1900-01-00 00:00:00,,82:45:EE:9E:43:25,-39,,0.000000,0.000000,0.000,0.000,Client
2025-03-05 18:40:47,1900-01-00 00:00:00,Kowalski,AA:42:A1:02:19:3F,-14, WPA2 ,0.000000,0.000000,0.000,0.000,AP
2025-03-05 18:40:47,1900-01-00 00:00:00,Kowalski,AA:42:A1:02:19:3F,-14, WPA2 ,0.000000,0.000000,0.000,0.000,AP
2025-03-05 18:40:47,1900-01-00 00:00:00,,82:45:EE:9E:43:25,-37,,0.000000,0.000000,0.000,0.000,Client
2025-03-05 18:40:47,1900-01-00 00:00:00,,82:45:EE:9E:43:25,-43,,0.000000,0.000000,0.000,0.000,Client
2025-03-05 18:40:47,1900-01-00 00:00:00,Kowalski,AA:42:A1:02:19:3F,-15, WPA2 ,0.000000,0.000000,0.000,0.000,AP
2025-03-05 18:40:47,1900-01-00 00:00:00,,82:45:EE:9E:43:25,-39,,0.000000,0.000000,0.000,0.000,Client
2025-03-05 18:40:47,1900-01-00 00:00:00,Kowalski,AA:42:A1:02:19:3F,-14, WPA2 ,0.000000,0.000000,0.000,0.000,AP
2025-03-05 18:40:48,1900-01-00 00:00:00,Kowalski,AA:42:A1:02:19:3F,-14, WPA2 ,0.000000,0.000000,0.000,0.000,AP
2025-03-05 18:40:48,1900-01-00 00:00:00,,82:45:EE:9E:43:25,-37,,0.000000,0.000000,0.000,0.000,Client
2025-03-05 18:40:48,1900-01-00 00:00:00,Kowalski,AA:42:A1:02:19:3F,-15, WPA2 ,0.000000,0.000000,0.000,0.000,AP
2025-03-05 18:40:48,1900-01-00 00:00:00,Kowalski,AA:42:A1:02:19:3F,-14, WPA2 ,0.000000,0.000000,0.000,0.000,AP
2025-03-05 18:40:48,1900-01-00 00:00:00,Kowalski,AA:42:A1:02:19:3F,-14, WPA2 ,0.000000,0.000000,0.000,0.000,AP
2025-03-05 18:40:48,1900-01-00 00:00:00,Kowalski,AA:42:A1:02:19:3F,-14, WPA2 ,0.000000,0.000000,0.000,0.000,AP
2025-03-05 18:40:48,1900-01-00 00:00:00,Kowalski,AA:42:A1:02:19:3F,-15, WPA2 ,0.000000,0.000000,0.000,0.000,AP
2025-03-05 18:40:48,1900-01-00 00:00:00,Kowalski,AA:42:A1:02:19:3F,-16, WPA2 ,0.000000,0.000000,0.000,0.000,AP
2025-03-05 18:40:48,1900-01-00 00:00:00,Kowalski,AA:42:A1:02:19:3F,-14, WPA2 ,0.000000,0.000000,0.000,0.000,AP
2025-03-05 18:40:48,1900-01-00 00:00:00,Kowalski,AA:42:A1:02:19:3F,-14, WPA2 ,0.000000,0.000000,0.000,0.000,AP
2025-03-05 18:40:48,1900-01-00 00:00:00,Kowalski,AA:42:A1:02:19:3F,-13, WPA2 ,0.000000,0.000000,0.000,0.000,AP
2025-03-05 18:40:49,1900-01-00 00:00:00,Kowalski,AA:42:A1:02:19:3F,-16, WPA2 ,0.000000,0.000000,0.000,0.000,AP
2025-03-05 18:40:49,1900-01-00 00:00:00,Kowalski,AA:42:A1:02:19:3F,-14, WPA2 ,0.000000,0.000000,0.000,0.000,AP
2025-03-05 18:40:49,1900-01-00 00:00:00,Kowalski,AA:42:A1:02:19:3F,-13, WPA2 ,0.000000,0.000000,0.000,0.000,AP
2025-03-05 18:40:49,1900-01-00 00:00:00,Kowalski,AA:42:A1:02:19:3F,-15, WPA2 ,0.000000,0.000000,0.000,0.000,AP
2025-03-05 18:40:49,1900-01-00 00:00:00,Kowalski,AA:42:A1:02:19:3F,-15, WPA2 ,0.000000,0.000000,0.000,0.000,AP
2025-03-05 18:40:49,1900-01-00 00:00:00,Kowalski,AA:42:A1:02:19:3F,-14, WPA2 ,0.000000,0.000000,0.000,0.000,AP
2025-03-05 18:40:49,1900-01-00 00:00:00,Kowalski,AA:42:A1:02:19:3F,-15, WPA2 ,0.000000,0.000000,0.000,0.000,AP
2025-03-05 18:40:49,1900-01-00 00:00:00,Kowalski,AA:42:A1:02:19:3F,-14, WPA2 ,0.000000,0.000000,0.000,0.000,AP
2025-03-05 18:40:49,1900-01-00 00:00:00,Kowalski,AA:42:A1:02:19:3F,-14, WPA2 ,0.000000,0.000000,0.000,0.000,AP
2025-03-05 18:40:49,1900-01-00 00:00:00,Kowalski,AA:42:A1:02:19:3F,-15, WPA2 ,0.000000,0.000000,0.000,0.000,AP
2025-03-05 18:40:49,1900-01-00 00:00:00,Kowalski,AA:42:A1:02:19:3F,-14, WPA2 ,0.000000,0.000000,0.000,0.000,AP
2025-03-05 18:40:49,1900-01-00 00:00:00,Kowalski,AA:42:A1:02:19:3F,-15, WPA2 ,0.000000,0.000000,0.000,0.000,AP
2025-03-05 18:40:49,1900-01-00 00:00:00,Kowalski,AA:42:A1:02:19:3F,-14, WPA2 ,0.000000,0.000000,0.000,0.000,AP
2025-03-05 18:40:49,1900-01-00 00:00:00,,82:45:EE:9E:43:25,-38,,0.000000,0.000000,0.000,0.000,Client
2025-03-05 18:40:49,1900-01-00 00:00:00,,82:45:EE:9E:43:25,-37,,0.000000,0.000000,0.000,0.000,Client
2025-03-05 18:40:49,1900-01-00 00:00:00,Kowalski,AA:42:A1:02:19:3F,-16, WPA2 ,0.000000,0.000000,0.000,0.000,AP
2025-03-05 18:40:49,1900-01-00 00:00:00,Kowalski,AA:42:A1:02:19:3F,-16, WPA2 ,0.000000,0.000000,0.000,0.000,AP
2025-03-05 18:40:49,1900-01-00 00:00:00,Kowalski,AA:42:A1:02:19:3F,-13, WPA2 ,0.000000,0.000000,0.000,0.000,AP
2025-03-05 18:40:50,1900-01-00 00:00:00,Kowalski,AA:42:A1:02:19:3F,-15, WPA2 ,0.000000,0.000000,0.000,0.000,AP
2025-03-05 18:40:50,1900-01-00 00:00:00,Kowalski,AA:42:A1:02:19:3F,-14, WPA2 ,0.000000,0.000000,0.000,0.000,AP
2025-03-05 18:40:50,1900-01-00 00:00:00,Kowalski,AA:42:A1:02:19:3F,-14, WPA2 ,0.000000,0.000000,0.000,0.000,AP
2025-03-05 18:40:50,1900-01-00 00:00:00,Kowalski,AA:42:A1:02:19:3F,-14, WPA2 ,0.000000,0.000000,0.000,0.000,AP
2025-03-05 18:40:50,1900-01-00 00:00:00,Kowalski,AA:42:A1:02:19:3F,-15, WPA2 ,0.000000,0.000000,0.000,0.000,AP
2025-03-05 18:40:50,1900-01-00 00:00:00,Kowalski,AA:42:A1:02:19:3F,-16, WPA2 ,0.000000,0.000000,0.000,0.000,AP
2025-03-05 18:40:50,1900-01-00 00:00:00,Kowalski,AA:42:A1:02:19:3F,-14, WPA2 ,0.000000,0.000000,0.000,0.000,AP
2025-03-05 18:40:50,1900-01-00 00:00:00,Kowalski,AA:42:A1:02:19:3F,-15, WPA2 ,0.000000,0.000000,0.000,0.000,AP
2025-03-05 18:40:50,1900-01-00 00:00:00,Kowalski,AA:42:A1:02:19:3F,-13, WPA2 ,0.000000,0.000000,0.000,0.000,AP
2025-03-05 18:40:51,1900-01-00 00:00:00,Kowalski,AA:42:A1:02:19:3F,-15, WPA2 ,0.000000,0.000000,0.000,0.000,AP
2025-03-05 18:40:51,1900-01-00 00:00:00,Kowalski,AA:42:A1:02:19:3F,-14, WPA2 ,0.000000,0.000000,0.000,0.000,AP
2025-03-05 18:40:51,1900-01-00 00:00:00,Kowalski,AA:42:A1:02:19:3F,-15, WPA2 ,0.000000,0.000000,0.000,0.000,AP
2025-03-05 18:40:51,1900-01-00 00:00:00,Kowalski,AA:42:A1:02:19:3F,-15, WPA2 ,0.000000,0.000000,0.000,0.000,AP
2025-03-05 18:40:51,1900-01-00 00:00:00,Kowalski,AA:42:A1:02:19:3F,-15, WPA2 ,0.000000,0.000000,0.000,0.000,AP
2025-03-05 18:40:51,1900-01-00 00:00:00,Kowalski,AA:42:A1:02:19:3F,-16, WPA2 ,0.000000,0.000000,0.000,0.000,AP
2025-03-05 18:40:51,1900-01-00 00:00:00,Kowalski,AA:42:A1:02:19:3F,-14, WPA2 ,0.000000,0.000000,0.000,0.000,AP
2025-03-05 18:40:51,1900-01-00 00:00:00,Kowalski,AA:42:A1:02:19:3F,-17, WPA2 ,0.000000,0.000000,0.000,0.000,AP
2025-03-05 18:40:51,1900-01-00 00:00:00,Kowalski,AA:42:A1:02:19:3F,-13, WPA2 ,0.000000,0.000000,0.000,0.000,AP
2025-03-05 18:40:51,1900-01-00 00:00:00,Kowalski,AA:42:A1:02:19:3F,-15, WPA2 ,0.000000,0.000000,0.000,0.000,AP
2025-03-05 18:40:52,1900-01-00 00:00:00,Kowalski,AA:42:A1:02:19:3F,-14, WPA2 ,0.000000,0.000000,0.000,0.000,AP
2025-03-05 18:40:52,1900-01-00 00:00:00,Kowalski,AA:42:A1:02:19:3F,-13, WPA2 ,0.000000,0.000000,0.000,0.000,AP
2025-03-05 18:40:52,1900-01-00 00:00:00,Kowalski,AA:42:A1:02:19:3F,-14, WPA2 ,0.000000,0.000000,0.000,0.000,AP
2025-03-05 18:40:52,1900-01-00 00:00:00,Kowalski,AA:42:A1:02:19:3F,-13, WPA2 ,0.000000,0.000000,0.000,0.000,AP
2025-03-05 18:40:52,1900-01-00 00:00:00,Kowalski,AA:42:A1:02:19:3F,-15, WPA2 ,0.000000,0.000000,0.000,0.000,AP
2025-03-05 18:40:52,1900-01-00 00:00:00,Kowalski,AA:42:A1:02:19:3F,-14, WPA2 ,0.000000,0.000000,0.000,0.000,AP
2025-03-05 18:40:52,1900-01-00 00:00:00,Kowalski,AA:42:A1:02:19:3F,-15, WPA2 ,0.000000,0.000000,0.000,0.000,AP
2025-03-05 18:40:52,1900-01-00 00:00:00,Kowalski,AA:42:A1:02:19:3F,-15, WPA2 ,0.000000,0.000000,0.000,0.000,AP
2025-03-05 18:40:52,1900-01-00 00:00:00,Kowalski,AA:42:A1:02:19:3F,-14, WPA2 ,0.000000,0.000000,0.000,0.000,AP
2025-03-05 18:40:52,1900-01-00 00:00:00,Kowalski,AA:42:A1:02:19:3F,-15, WPA2 ,0.000000,0.000000,0.000,0.000,AP
2025-03-05 18:40:53,1900-01-00 00:00:00,Kowalski,AA:42:A1:02:19:3F,-13, WPA2 ,0.000000,0.000000,0.000,0.000,AP
2025-03-05 18:40:53,1900-01-00 00:00:00,Kowalski,AA:42:A1:02:19:3F,-16, WPA2 ,0.000000,0.000000,0.000,0.000,AP
2025-03-05 18:40:53,1900-01-00 00:00:00,Kowalski,AA:42:A1:02:19:3F,-14, WPA2 ,0.000000,0.000000,0.000,0.000,AP
2025-03-05 18:40:53,1900-01-00 00:00:00,Kowalski,AA:42:A1:02:19:3F,-14, WPA2 ,0.000000,0.000000,0.000,0.000,AP
2025-03-05 18:40:53,1900-01-00 00:00:00,,82:45:EE:9E:43:25,-37,,0.000000,0.000000,0.000,0.000,Client
2025-03-05 18:40:53,1900-01-00 00:00:00,,82:45:EE:9E:43:25,-37,,0.000000,0.000000,0.000,0.000,Client
2025-03-05 18:40:53,1900-01-00 00:00:00,Kowalski,AA:42:A1:02:19:3F,-14, WPA2 ,0.000000,0.000000,0.000,0.000,AP
2025-03-05 18:40:53,1900-01-00 00:00:00,Kowalski,AA:42:A1:02:19:3F,-15, WPA2 ,0.000000,0.000000,0.000,0.000,AP
2025-03-05 18:40:53,1900-01-00 00:00:00,Kowalski,AA:42:A1:02:19:3F,-15, WPA2 ,0.000000,0.000000,0.000,0.000,AP
2025-03-05 18:40:53,1900-01-00 00:00:00,Kowalski,AA:42:A1:02:19:3F,-15, WPA2 ,0.000000,0.000000,0.000,0.000,AP
2025-03-05 18:40:53,1900-01-00 00:00:00,Kowalski,AA:42:A1:02:19:3F,-14, WPA2 ,0.000000,0.000000,0.000,0.000,AP
2025-03-05 18:40:53,1900-01-00 00:00:00,,82:45:EE:9E:43:25,-34,,0.000000,0.000000,0.000,0.000,Client
2025-03-05 18:40:53,1900-01-00 00:00:00,Kowalski,AA:42:A1:02:19:3F,-13, WPA2 ,0.000000,0.000000,0.000,0.000,AP
2025-03-05 18:40:54,1900-01-00 00:00:00,,82:45:EE:9E:43:25,-35,,0.000000,0.000000,0.000,0.000,Client
2025-03-05 18:40:54,1900-01-00 00:00:00,Kowalski,AA:42:A1:02:19:3F,-14, WPA2 ,0.000000,0.000000,0.000,0.000,AP
2025-03-05 18:40:54,1900-01-00 00:00:00,Kowalski,AA:42:A1:02:19:3F,-14, WPA2 ,0.000000,0.000000,0.000,0.000,AP
2025-03-05 18:40:54,1900-01-00 00:00:00,Kowalski,AA:42:A1:02:19:3F,-14, WPA2 ,0.000000,0.000000,0.000,0.000,AP
2025-03-05 18:40:54,1900-01-00 00:00:00,Kowalski,AA:42:A1:02:19:3F,-16, WPA2 ,0.000000,0.000000,0.000,0.000,AP
2025-03-05 18:40:54,1900-01-00 00:00:00,,82:45:EE:9E:43:25,-39,,0.000000,0.000000,0.000,0.000,Client
2025-03-05 18:40:54,1900-01-00 00:00:00,,82:45:EE:9E:43:25,-40,,0.000000,0.000000,0.000,0.000,Client
2025-03-05 18:40:54,1900-01-00 00:00:00,Kowalski,AA:42:A1:02:19:3F,-15, WPA2 ,0.000000,0.000000,0.000,0.000,AP
2025-03-05 18:40:54,1900-01-00 00:00:00,Kowalski,AA:42:A1:02:19:3F,-14, WPA2 ,0.000000,0.000000,0.000,0.000,AP
2025-03-05 18:40:54,1900-01-00 00:00:00,,82:45:EE:9E:43:25,-42,,0.000000,0.000000,0.000,0.000,Client
2025-03-05 18:40:54,1900-01-00 00:00:00,Kowalski,AA:42:A1:02:19:3F,-14, WPA2 ,0.000000,0.000000,0.000,0.000,AP
2025-03-05 18:40:54,1900-01-00 00:00:00,,82:45:EE:9E:43:25,-37,,0.000000,0.000000,0.000,0.000,Client
2025-03-05 18:40:54,1900-01-00 00:00:00,,82:45:EE:9E:43:25,-40,,0.000000,0.000000,0.000,0.000,Client
2025-03-05 18:40:54,1900-01-00 00:00:00,Kowalski,AA:42:A1:02:19:3F,-14, WPA2 ,0.000000,0.000000,0.000,0.000,AP
2025-03-05 18:40:54,1900-01-00 00:00:00,,82:45:EE:9E:43:25,-38,,0.000000,0.000000,0.000,0.000,Client
2025-03-05 18:40:54,1900-01-00 00:00:00,Kowalski,AA:42:A1:02:19:3F,-13, WPA2 ,0.000000,0.000000,0.000,0.000,AP
2025-03-05 18:40:54,1900-01-00 00:00:00,,82:45:EE:9E:43:25,-34,,0.000000,0.000000,0.000,0.000,Client
2025-03-05 18:40:54,1900-01-00 00:00:00,Kowalski,AA:42:A1:02:19:3F,-15, WPA2 ,0.000000,0.000000,0.000,0.000,AP
2025-03-05 18:40:54,1900-01-00 00:00:00,,82:45:EE:9E:43:25,-37,,0.000000,0.000000,0.000,0.000,Client
2025-03-05 18:40:54,1900-01-00 00:00:00,,82:45:EE:9E:43:25,-32,,0.000000,0.000000,0.000,0.000,Client
2025-03-05 18:40:54,1900-01-00 00:00:00,Kowalski,AA:42:A1:02:19:3F,-14, WPA2 ,0.000000,0.000000,0.000,0.000,AP
2025-03-05 18:40:54,1900-01-00 00:00:00,,82:45:EE:9E:43:25,-37,,0.000000,0.000000,0.000,0.000,Client
2025-03-05 18:40:54,1900-01-00 00:00:00,,82:45:EE:9E:43:25,-38,,0.000000,0.000000,0.000,0.000,Client
2025-03-05 18:40:54,1900-01-00 00:00:00,,82:45:EE:9E:43:25,-37,,0.000000,0.000000,0.000,0.000,Client
2025-03-05 18:40:54,1900-01-00 00:00:00,,82:45:EE:9E:43:25,-37,,0.000000,0.000000,0.000,0.000,Client
2025-03-05 18:40:54,1900-01-00 00:00:00,,82:45:EE:9E:43:25,-36,,0.000000,0.000000,0.000,0.000,Client
2025-03-05 18:40:55,1900-01-00 00:00:00,Kowalski,AA:42:A1:02:19:3F,-14, WPA2 ,0.000000,0.000000,0.000,0.000,AP
2025-03-05 18:40:55,1900-01-00 00:00:00,,82:45:EE:9E:43:25,-38,,0.000000,0.000000,0.000,0.000,Client
2025-03-05 18:40:55,1900-01-00 00:00:00,Kowalski,AA:42:A1:02:19:3F,-16, WPA2 ,0.000000,0.000000,0.000,0.000,AP
2025-03-05 18:40:55,1900-01-00 00:00:00,,82:45:EE:9E:43:25,-35,,0.000000,0.000000,0.000,0.000,Client
2025-03-05 18:40:55,1900-01-00 00:00:00,Kowalski,AA:42:A1:02:19:3F,-15, WPA2 ,0.000000,0.000000,0.000,0.000,AP
2025-03-05 18:40:55,1900-01-00 00:00:00,,82:45:EE:9E:43:25,-32,,0.000000,0.000000,0.000,0.000,Client
2025-03-05 18:40:55,1900-01-00 00:00:00,,82:45:EE:9E:43:25,-33,,0.000000,0.000000,0.000,0.000,Client
2025-03-05 18:40:55,1900-01-00 00:00:00,Kowalski,AA:42:A1:02:19:3F,-16, WPA2 ,0.000000,0.000000,0.000,0.000,AP
2025-03-05 18:40:55,1900-01-00 00:00:00,Kowalski,AA:42:A1:02:19:3F,-14, WPA2 ,0.000000,0.000000,0.000,0.000,AP
2025-03-05 18:40:55,1900-01-00 00:00:00,Kowalski,AA:42:A1:02:19:3F,-15, WPA2 ,0.000000,0.000000,0.000,0.000,AP
2025-03-05 18:40:55,1900-01-00 00:00:00,Kowalski,AA:42:A1:02:19:3F,-14, WPA2 ,0.000000,0.000000,0.000,0.000,AP
2025-03-05 18:40:55,1900-01-00 00:00:00,Kowalski,AA:42:A1:02:19:3F,-13, WPA2 ,0.000000,0.000000,0.000,0.000,AP
2025-03-05 18:40:55,1900-01-00 00:00:00,Kowalski,AA:42:A1:02:19:3F,-14, WPA2 ,0.000000,0.000000,0.000,0.000,AP
2025-03-05 18:40:55,1900-01-00 00:00:00,Kowalski,AA:42:A1:02:19:3F,-15, WPA2 ,0.000000,0.000000,0.000,0.000,AP
2025-03-05 18:40:56,1900-01-00 00:00:00,Kowalski,AA:42:A1:02:19:3F,-14, WPA2 ,0.000000,0.000000,0.000,0.000,AP
2025-03-05 18:40:56,1900-01-00 00:00:00,Kowalski,AA:42:A1:02:19:3F,-15, WPA2 ,0.000000,0.000000,0.000,0.000,AP
2025-03-05 18:40:56,1900-01-00 00:00:00,Kowalski,AA:42:A1:02:19:3F,-15, WPA2 ,0.000000,0.000000,0.000,0.000,AP
2025-03-05 18:40:56,1900-01-00 00:00:00,Kowalski,AA:42:A1:02:19:3F,-14, WPA2 ,0.000000,0.000000,0.000,0.000,AP
2025-03-05 18:40:56,1900-01-00 00:00:00,Kowalski,AA:42:A1:02:19:3F,-14, WPA2 ,0.000000,0.000000,0.000,0.000,AP
2025-03-05 18:40:56,1900-01-00 00:00:00,Kowalski,AA:42:A1:02:19:3F,-15, WPA2 ,0.000000,0.000000,0.000,0.000,AP
2025-03-05 18:40:56,1900-01-00 00:00:00,Kowalski,AA:42:A1:02:19:3F,-13, WPA2 ,0.000000,0.000000,0.000,0.000,AP
2025-03-05 18:40:56,1900-01-00 00:00:00,,82:45:EE:9E:43:25,-38,,0.000000,0.000000,0.000,0.000,Client
2025-03-05 18:40:56,1900-01-00 00:00:00,Kowalski,AA:42:A1:02:19:3F,-14, WPA2 ,0.000000,0.000000,0.000,0.000,AP
2025-03-05 18:40:56,1900-01-00 00:00:00,Kowalski,AA:42:A1:02:19:3F,-13, WPA2 ,0.000000,0.000000,0.000,0.000,AP
2025-03-05 18:40:56,1900-01-00 00:00:00,,82:45:EE:9E:43:25,-40,,0.000000,0.000000,0.000,0.000,Client
2025-03-05 18:40:56,1900-01-00 00:00:00,Kowalski,AA:42:A1:02:19:3F,-14, WPA2 ,0.000000,0.000000,0.000,0.000,AP
2025-03-05 18:40:57,1900-01-00 00:00:00,Kowalski,AA:42:A1:02:19:3F,-15, WPA2 ,0.000000,0.000000,0.000,0.000,AP
2025-03-05 18:40:57,1900-01-00 00:00:00,,82:45:EE:9E:43:25,-41,,0.000000,0.000000,0.000,0.000,Client
2025-03-05 18:40:57,1900-01-00 00:00:00,,82:45:EE:9E:43:25,-41,,0.000000,0.000000,0.000,0.000,Client
2025-03-05 18:40:57,1900-01-00 00:00:00,Kowalski,AA:42:A1:02:19:3F,-13, WPA2 ,0.000000,0.000000,0.000,0.000,AP
2025-03-05 18:40:57,1900-01-00 00:00:00,,82:45:EE:9E:43:25,-36,,0.000000,0.000000,0.000,0.000,Client
2025-03-05 18:40:57,1900-01-00 00:00:00,Kowalski,AA:42:A1:02:19:3F,-16, WPA2 ,0.000000,0.000000,0.000,0.000,AP
2025-03-05 18:40:57,1900-01-00 00:00:00,,82:45:EE:9E:43:25,-38,,0.000000,0.000000,0.000,0.000,Client
2025-03-05 18:40:57,1900-01-00 00:00:00,,82:45:EE:9E:43:25,-35,,0.000000,0.000000,0.000,0.000,Client
2025-03-05 18:40:57,1900-01-00 00:00:00,Kowalski,AA:42:A1:02:19:3F,-15, WPA2 ,0.000000,0.000000,0.000,0.000,AP
2025-03-05 18:40:57,1900-01-00 00:00:00,Kowalski,AA:42:A1:02:19:3F,-14, WPA2 ,0.000000,0.000000,0.000,0.000,AP
2025-03-05 18:40:57,1900-01-00 00:00:00,Kowalski,AA:42:A1:02:19:3F,-13, WPA2 ,0.000000,0.000000,0.000,0.000,AP
2025-03-05 18:40:57,1900-01-00 00:00:00,Kowalski,AA:42:A1:02:19:3F,-14, WPA2 ,0.000000,0.000000,0.000,0.000,AP
2025-03-05 18:40:57,1900-01-00 00:00:00,,82:45:EE:9E:43:25,-50,,0.000000,0.000000,0.000,0.000,Client
2025-03-05 18:40:57,1900-01-00 00:00:00,,82:45:EE:9E:43:25,-35,,0.000000,0.000000,0.000,0.000,Client
2025-03-05 18:40:57,1900-01-00 00:00:00,,82:45:EE:9E:43:25,-35,,0.000000,0.000000,0.000,0.000,Client
2025-03-05 18:40:57,1900-01-00 00:00:00,Kowalski,AA:42:A1:02:19:3F,-15, WPA2 ,0.000000,0.000000,0.000,0.000,AP
2025-03-05 18:40:57,1900-01-00 00:00:00,,82:45:EE:9E:43:25,-38,,0.000000,0.000000,0.000,0.000,Client
2025-03-05 18:40:57,1900-01-00 00:00:00,Kowalski,AA:42:A1:02:19:3F,-15, WPA2 ,0.000000,0.000000,0.000,0.000,AP
2025-03-05 18:40:57,1900-01-00 00:00:00,Kowalski,AA:42:A1:02:19:3F,-15, WPA2 ,0.000000,0.000000,0.000,0.000,AP
2025-03-05 18:40:58,1900-01-00 00:00:00,Kowalski,AA:42:A1:02:19:3F,-16, WPA2 ,0.000000,0.000000,0.000,0.000,AP
2025-03-05 18:40:58,1900-01-00 00:00:00,,82:45:EE:9E:43:25,-38,,0.000000,0.000000,0.000,0.000,Client
2025-03-05 18:40:58,1900-01-00 00:00:00,Kowalski,AA:42:A1:02:19:3F,-16, WPA2 ,0.000000,0.000000,0.000,0.000,AP
2025-03-05 18:40:58,1900-01-00 00:00:00,,82:45:EE:9E:43:25,-40,,0.000000,0.000000,0.000,0.000,Client
2025-03-05 18:40:58,1900-01-00 00:00:00,Kowalski,AA:42:A1:02:19:3F,-13, WPA2 ,0.000000,0.000000,0.000,0.000,AP
2025-03-05 18:40:58,1900-01-00 00:00:00,,82:45:EE:9E:43:25,-36,,0.000000,0.000000,0.000,0.000,Client
2025-03-05 18:40:58,1900-01-00 00:00:00,,82:45:EE:9E:43:25,-36,,0.000000,0.000000,0.000,0.000,Client
2025-03-05 18:40:58,1900-01-00 00:00:00,Kowalski,AA:42:A1:02:19:3F,-15, WPA2 ,0.000000,0.000000,0.000,0.000,AP
2025-03-05 18:40:58,1900-01-00 00:00:00,Kowalski,AA:42:A1:02:19:3F,-16, WPA2 ,0.000000,0.000000,0.000,0.000,AP
2025-03-05 18:40:58,1900-01-00 00:00:00,Kowalski,AA:42:A1:02:19:3F,-13, WPA2 ,0.000000,0.000000,0.000,0.000,AP
2025-03-05 18:40:58,1900-01-00 00:00:00,Kowalski,AA:42:A1:02:19:3F,-14, WPA2 ,0.000000,0.000000,0.000,0.000,AP
2025-03-05 18:40:58,1900-01-00 00:00:00,Kowalski,AA:42:A1:02:19:3F,-16, WPA2 ,0.000000,0.000000,0.000,0.000,AP
2025-03-05 18:40:58,1900-01-00 00:00:00,Kowalski,AA:42:A1:02:19:3F,-14, WPA2 ,0.000000,0.000000,0.000,0.000,AP
2025-03-05 18:40:59,1900-01-00 00:00:00,Kowalski,AA:42:A1:02:19:3F,-14, WPA2 ,0.000000,0.000000,0.000,0.000,AP
2025-03-05 18:40:59,1900-01-00 00:00:00,Kowalski,AA:42:A1:02:19:3F,-13, WPA2 ,0.000000,0.000000,0.000,0.000,AP
2025-03-05 18:40:59,1900-01-00 00:00:00,Kowalski,AA:42:A1:02:19:3F,-15, WPA2 ,0.000000,0.000000,0.000,0.000,AP
2025-03-05 18:40:59,1900-01-00 00:00:00,Kowalski,AA:42:A1:02:19:3F,-13, WPA2 ,0.000000,0.000000,0.000,0.000,AP
2025-03-05 18:40:59,1900-01-00 00:00:00,Kowalski,AA:42:A1:02:19:3F,-14, WPA2 ,0.000000,0.000000,0.000,0.000,AP
2025-03-05 18:40:59,1900-01-00 00:00:00,Kowalski,AA:42:A1:02:19:3F,-16, WPA2 ,0.000000,0.000000,0.000,0.000,AP
2025-03-05 18:40:59,1900-01-00 00:00:00,Kowalski,AA:42:A1:02:19:3F,-14, WPA2 ,0.000000,0.000000,0.000,0.000,AP
2025-03-05 18:40:59,1900-01-00 00:00:00,Kowalski,AA:42:A1:02:19:3F,-14, WPA2 ,0.000000,0.000000,0.000,0.000,AP
2025-03-05 18:40:59,1900-01-00 00:00:00,Kowalski,AA:42:A1:02:19:3F,-14, WPA2 ,0.000000,0.000000,0.000,0.000,AP
2025-03-05 18:40:59,1900-01-00 00:00:00,Kowalski,AA:42:A1:02:19:3F,-14, WPA2 ,0.000000,0.000000,0.000,0.000,AP
2025-03-05 18:41:00,1900-01-00 00:00:00,Kowalski,AA:42:A1:02:19:3F,-16, WPA2 ,0.000000,0.000000,0.000,0.000,AP
2025-03-05 18:41:00,1900-01-00 00:00:00,Kowalski,AA:42:A1:02:19:3F,-15, WPA2 ,0.000000,0.000000,0.000,0.000,AP
2025-03-05 18:41:00,1900-01-00 00:00:00,Kowalski,AA:42:A1:02:19:3F,-14, WPA2 ,0.000000,0.000000,0.000,0.000,AP
2025-03-05 18:41:00,1900-01-00 00:00:00,Kowalski,AA:42:A1:02:19:3F,-14, WPA2 ,0.000000,0.000000,0.000,0.000,AP
2025-03-05 18:41:00,1900-01-00 00:00:00,,82:45:EE:9E:43:25,-41,,0.000000,0.000000,0.000,0.000,Client
2025-03-05 18:41:00,1900-01-00 00:00:00,Kowalski,AA:42:A1:02:19:3F,-14, WPA2 ,0.000000,0.000000,0.000,0.000,AP
2025-03-05 18:41:00,1900-01-00 00:00:00,,82:45:EE:9E:43:25,-39,,0.000000,0.000000,0.000,0.000,Client
2025-03-05 18:41:00,1900-01-00 00:00:00,Kowalski,AA:42:A1:02:19:3F,-14, WPA2 ,0.000000,0.000000,0.000,0.000,AP
2025-03-05 18:41:00,1900-01-00 00:00:00,,82:45:EE:9E:43:25,-36,,0.000000,0.000000,0.000,0.000,Client
2025-03-05 18:41:00,1900-01-00 00:00:00,Kowalski,AA:42:A1:02:19:3F,-15, WPA2 ,0.000000,0.000000,0.000,0.000,AP
2025-03-05 18:41:00,1900-01-00 00:00:00,,82:45:EE:9E:43:25,-38,,0.000000,0.000000,0.000,0.000,Client
2025-03-05 18:41:00,1900-01-00 00:00:00,Kowalski,AA:42:A1:02:19:3F,-16, WPA2 ,0.000000,0.000000,0.000,0.000,AP
2025-03-05 18:41:00,1900-01-00 00:00:00,,82:45:EE:9E:43:25,-37,,0.000000,0.000000,0.000,0.000,Client
2025-03-05 18:41:00,1900-01-00 00:00:00,,82:45:EE:9E:43:25,-39,,0.000000,0.000000,0.000,0.000,Client
2025-03-05 18:41:00,1900-01-00 00:00:00,Kowalski,AA:42:A1:02:19:3F,-16, WPA2 ,0.000000,0.000000,0.000,0.000,AP
2025-03-05 18:41:00,1900-01-00 00:00:00,,82:45:EE:9E:43:25,-37,,0.000000,0.000000,0.000,0.000,Client
2025-03-05 18:41:00,1900-01-00 00:00:00,Kowalski,AA:42:A1:02:19:3F,-16, WPA2 ,0.000000,0.000000,0.000,0.000,AP
2025-03-05 18:41:00,1900-01-00 00:00:00,,82:45:EE:9E:43:25,-40,,0.000000,0.000000,0.000,0.000,Client
2025-03-05 18:41:00,1900-01-00 00:00:00,Kowalski,AA:42:A1:02:19:3F,-16, WPA2 ,0.000000,0.000000,0.000,0.000,AP
2025-03-05 18:41:00,1900-01-00 00:00:00,,82:45:EE:9E:43:25,-40,,0.000000,0.000000,0.000,0.000,Client
2025-03-05 18:41:00,1900-01-00 00:00:00,,82:45:EE:9E:43:25,-38,,0.000000,0.000000,0.000,0.000,Client
2025-03-05 18:41:01,1900-01-00 00:00:00,Kowalski,AA:42:A1:02:19:3F,-14, WPA2 ,0.000000,0.000000,0.000,0.000,AP
2025-03-05 18:41:01,1900-01-00 00:00:00,,82:45:EE:9E:43:25,-38,,0.000000,0.000000,0.000,0.000,Client
2025-03-05 18:41:01,1900-01-00 00:00:00,,82:45:EE:9E:43:25,-35,,0.000000,0.000000,0.000,0.000,Client
2025-03-05 18:41:01,1900-01-00 00:00:00,Kowalski,AA:42:A1:02:19:3F,-14, WPA2 ,0.000000,0.000000,0.000,0.000,AP
2025-03-05 18:41:01,1900-01-00 00:00:00,,82:45:EE:9E:43:25,-38,,0.000000,0.000000,0.000,0.000,Client
2025-03-05 18:41:01,1900-01-00 00:00:00,Kowalski,AA:42:A1:02:19:3F,-14, WPA2 ,0.000000,0.000000,0.000,0.000,AP
2025-03-05 18:41:01,1900-01-00 00:00:00,,82:45:EE:9E:43:25,-39,,0.000000,0.000000,0.000,0.000,Client
2025-03-05 18:41:01,1900-01-00 00:00:00,Kowalski,AA:42:A1:02:19:3F,-15, WPA2 ,0.000000,0.000000,0.000,0.000,AP
2025-03-05 18:41:01,1900-01-00 00:00:00,Kowalski,AA:42:A1:02:19:3F,-13, WPA2 ,0.000000,0.000000,0.000,0.000,AP
2025-03-05 18:41:01,1900-01-00 00:00:00,Kowalski,AA:42:A1:02:19:3F,-15, WPA2 ,0.000000,0.000000,0.000,0.000,AP
2025-03-05 18:41:01,1900-01-00 00:00:00,Kowalski,AA:42:A1:02:19:3F,-16, WPA2 ,0.000000,0.000000,0.000,0.000,AP
2025-03-05 18:41:01,1900-01-00 00:00:00,Kowalski,AA:42:A1:02:19:3F,-15, WPA2 ,0.000000,0.000000,0.000,0.000,AP
2025-03-05 18:41:01,1900-01-00 00:00:00,Kowalski,AA:42:A1:02:19:3F,-16, WPA2 ,0.000000,0.000000,0.000,0.000,AP
2025-03-05 18:41:01,1900-01-00 00:00:00,Kowalski,AA:42:A1:02:19:3F,-12, WPA2 ,0.000000,0.000000,0.000,0.000,AP
2025-03-05 18:41:02,1900-01-00 00:00:00,Kowalski,AA:42:A1:02:19:3F,-16, WPA2 ,0.000000,0.000000,0.000,0.000,AP
2025-03-05 18:41:02,1900-01-00 00:00:00,Kowalski,AA:42:A1:02:19:3F,-14, WPA2 ,0.000000,0.000000,0.000,0.000,AP
2025-03-05 18:41:02,1900-01-00 00:00:00,Kowalski,AA:42:A1:02:19:3F,-14, WPA2 ,0.000000,0.000000,0.000,0.000,AP
2025-03-05 18:41:02,1900-01-00 00:00:00,Kowalski,AA:42:A1:02:19:3F,-15, WPA2 ,0.000000,0.000000,0.000,0.000,AP
2025-03-05 18:41:02,1900-01-00 00:00:00,Kowalski,AA:42:A1:02:19:3F,-15, WPA2 ,0.000000,0.000000,0.000,0.000,AP
2025-03-05 18:41:02,1900-01-00 00:00:00,Kowalski,AA:42:A1:02:19:3F,-15, WPA2 ,0.000000,0.000000,0.000,0.000,AP
2025-03-05 18:41:02,1900-01-00 00:00:00,Kowalski,AA:42:A1:02:19:3F,-14, WPA2 ,0.000000,0.000000,0.000,0.000,AP
2025-03-05 18:41:02,1900-01-00 00:00:00,,82:45:EE:9E:43:25,-36,,0.000000,0.000000,0.000,0.000,Client
2025-03-05 18:41:02,1900-01-00 00:00:00,Kowalski,AA:42:A1:02:19:3F,-14, WPA2 ,0.000000,0.000000,0.000,0.000,AP
2025-03-05 18:41:02,1900-01-00 00:00:00,Kowalski,AA:42:A1:02:19:3F,-14, WPA2 ,0.000000,0.000000,0.000,0.000,AP
2025-03-05 18:41:02,1900-01-00 00:00:00,Kowalski,AA:42:A1:02:19:3F,-16, WPA2 ,0.000000,0.000000,0.000,0.000,AP
2025-03-05 18:41:02,1900-01-00 00:00:00,,82:45:EE:9E:43:25,-40,,0.000000,0.000000,0.000,0.000,Client
2025-03-05 18:41:02,1900-01-00 00:00:00,Kowalski,AA:42:A1:02:19:3F,-14, WPA2 ,0.000000,0.000000,0.000,0.000,AP
2025-03-05 18:41:02,1900-01-00 00:00:00,,82:45:EE:9E:43:25,-39,,0.000000,0.000000,0.000,0.000,Client
2025-03-05 18:41:02,1900-01-00 00:00:00,,82:45:EE:9E:43:25,-49,,0.000000,0.000000,0.000,0.000,Client
2025-03-05 18:41:02,1900-01-00 00:00:00,Kowalski,AA:42:A1:02:19:3F,-14, WPA2 ,0.000000,0.000000,0.000,0.000,AP
2025-03-05 18:41:03,1900-01-00 00:00:00,,82:45:EE:9E:43:25,-38,,0.000000,0.000000,0.000,0.000,Client
2025-03-05 18:41:03,1900-01-00 00:00:00,Kowalski,AA:42:A1:02:19:3F,-13, WPA2 ,0.000000,0.000000,0.000,0.000,AP
2025-03-05 18:41:03,1900-01-00 00:00:00,,82:45:EE:9E:43:25,-39,,0.000000,0.000000,0.000,0.000,Client
2025-03-05 18:41:03,1900-01-00 00:00:00,Kowalski,AA:42:A1:02:19:3F,-16, WPA2 ,0.000000,0.000000,0.000,0.000,AP
2025-03-05 18:41:03,1900-01-00 00:00:00,,82:45:EE:9E:43:25,-36,,0.000000,0.000000,0.000,0.000,Client
2025-03-05 18:41:03,1900-01-00 00:00:00,,82:45:EE:9E:43:25,-39,,0.000000,0.000000,0.000,0.000,Client
2025-03-05 18:41:03,1900-01-00 00:00:00,,82:45:EE:9E:43:25,-40,,0.000000,0.000000,0.000,0.000,Client
2025-03-05 18:41:03,1900-01-00 00:00:00,Kowalski,AA:42:A1:02:19:3F,-14, WPA2 ,0.000000,0.000000,0.000,0.000,AP
2025-03-05 18:41:03,1900-01-00 00:00:00,,82:45:EE:9E:43:25,-39,,0.000000,0.000000,0.000,0.000,Client
2025-03-05 18:41:03,1900-01-00 00:00:00,Kowalski,AA:42:A1:02:19:3F,-16, WPA2 ,0.000000,0.000000,0.000,0.000,AP
2025-03-05 18:41:03,1900-01-00 00:00:00,,82:45:EE:9E:43:25,-39,,0.000000,0.000000,0.000,0.000,Client
2025-03-05 18:41:03,1900-01-00 00:00:00,Kowalski,AA:42:A1:02:19:3F,-16, WPA2 ,0.000000,0.000000,0.000,0.000,AP
2025-03-05 18:41:03,1900-01-00 00:00:00,,82:45:EE:9E:43:25,-33,,0.000000,0.000000,0.000,0.000,Client
2025-03-05 18:41:03,1900-01-00 00:00:00,,82:45:EE:9E:43:25,-38,,0.000000,0.000000,0.000,0.000,Client
2025-03-05 18:41:03,1900-01-00 00:00:00,Kowalski,AA:42:A1:02:19:3F,-14, WPA2 ,0.000000,0.000000,0.000,0.000,AP
2025-03-05 18:41:03,1900-01-00 00:00:00,Kowalski,AA:42:A1:02:19:3F,-13, WPA2 ,0.000000,0.000000,0.000,0.000,AP
2025-03-05 18:41:03,1900-01-00 00:00:00,Kowalski,AA:42:A1:02:19:3F,-16, WPA2 ,0.000000,0.000000,0.000,0.000,AP
2025-03-05 18:41:03,1900-01-00 00:00:00,,82:45:EE:9E:43:25,-36,,0.000000,0.000000,0.000,0.000,Client
2025-03-05 18:41:03,1900-01-00 00:00:00,Kowalski,AA:42:A1:02:19:3F,-14, WPA2 ,0.000000,0.000000,0.000,0.000,AP
2025-03-05 18:41:03,1900-01-00 00:00:00,Kowalski,AA:42:A1:02:19:3F,-14, WPA2 ,0.000000,0.000000,0.000,0.000,AP
2025-03-05 18:41:03,1900-01-00 00:00:00,,82:45:EE:9E:43:25,-36,,0.000000,0.000000,0.000,0.000,Client
2025-03-05 18:41:04,1900-01-00 00:00:00,Kowalski,AA:42:A1:02:19:3F,-16, WPA2 ,0.000000,0.000000,0.000,0.000,AP
2025-03-05 18:41:04,1900-01-00 00:00:00,,82:45:EE:9E:43:25,-37,,0.000000,0.000000,0.000,0.000,Client
2025-03-05 18:41:04,1900-01-00 00:00:00,Kowalski,AA:42:A1:02:19:3F,-13, WPA2 ,0.000000,0.000000,0.000,0.000,AP
2025-03-05 18:41:04,1900-01-00 00:00:00,,82:45:EE:9E:43:25,-37,,0.000000,0.000000,0.000,0.000,Client
2025-03-05 18:41:04,1900-01-00 00:00:00,Kowalski,AA:42:A1:02:19:3F,-14, WPA2 ,0.000000,0.000000,0.000,0.000,AP
2025-03-05 18:41:04,1900-01-00 00:00:00,,82:45:EE:9E:43:25,-40,,0.000000,0.000000,0.000,0.000,Client
2025-03-05 18:41:04,1900-01-00 00:00:00,Kowalski,AA:42:A1:02:19:3F,-13, WPA2 ,0.000000,0.000000,0.000,0.000,AP
2025-03-05 18:41:04,1900-01-00 00:00:00,,82:45:EE:9E:43:25,-42,,0.000000,0.000000,0.000,0.000,Client
2025-03-05 18:41:04,1900-01-00 00:00:00,Kowalski,AA:42:A1:02:19:3F,-14, WPA2 ,0.000000,0.000000,0.000,0.000,AP
2025-03-05 18:41:04,1900-01-00 00:00:00,,82:45:EE:9E:43:25,-38,,0.000000,0.000000,0.000,0.000,Client
2025-03-05 18:41:04,1900-01-00 00:00:00,,82:45:EE:9E:43:25,-36,,0.000000,0.000000,0.000,0.000,Client
2025-03-05 18:41:04,1900-01-00 00:00:00,Kowalski,AA:42:A1:02:19:3F,-15, WPA2 ,0.000000,0.000000,0.000,0.000,AP
2025-03-05 18:41:04,1900-01-00 00:00:00,,82:45:EE:9E:43:25,-37,,0.000000,0.000000,0.000,0.000,Client
2025-03-05 18:41:04,1900-01-00 00:00:00,Kowalski,AA:42:A1:02:19:3F,-14, WPA2 ,0.000000,0.000000,0.000,0.000,AP
2025-03-05 18:41:04,1900-01-00 00:00:00,,82:45:EE:9E:43:25,-35,,0.000000,0.000000,0.000,0.000,Client
2025-03-05 18:41:04,1900-01-00 00:00:00,Kowalski,AA:42:A1:02:19:3F,-14, WPA2 ,0.000000,0.000000,0.000,0.000,AP
2025-03-05 18:41:04,1900-01-00 00:00:00,,82:45:EE:9E:43:25,-37,,0.000000,0.000000,0.000,0.000,Client
2025-03-05 18:41:04,1900-01-00 00:00:00,Kowalski,AA:42:A1:02:19:3F,-14, WPA2 ,0.000000,0.000000,0.000,0.000,AP
2025-03-05 18:41:04,1900-01-00 00:00:00,,82:45:EE:9E:43:25,-36,,0.000000,0.000000,0.000,0.000,Client
2025-03-05 18:41:04,1900-01-00 00:00:00,Kowalski,AA:42:A1:02:19:3F,-15, WPA2 ,0.000000,0.000000,0.000,0.000,AP
2025-03-05 18:41:05,1900-01-00 00:00:00,Kowalski,AA:42:A1:02:19:3F,-13, WPA2 ,0.000000,0.000000,0.000,0.000,AP
2025-03-05 18:41:05,1900-01-00 00:00:00,Kowalski,AA:42:A1:02:19:3F,-14, WPA2 ,0.000000,0.000000,0.000,0.000,AP
2025-03-05 18:41:05,1900-01-00 00:00:00,Kowalski,AA:42:A1:02:19:3F,-14, WPA2 ,0.000000,0.000000,0.000,0.000,AP
2025-03-05 18:41:05,1900-01-00 00:00:00,Kowalski,AA:42:A1:02:19:3F,-14, WPA2 ,0.000000,0.000000,0.000,0.000,AP
2025-03-05 18:41:05,1900-01-00 00:00:00,Kowalski,AA:42:A1:02:19:3F,-14, WPA2 ,0.000000,0.000000,0.000,0.000,AP
2025-03-05 18:41:05,1900-01-00 00:00:00,Kowalski,AA:42:A1:02:19:3F,-14, WPA2 ,0.000000,0.000000,0.000,0.000,AP
2025-03-05 18:41:05,1900-01-00 00:00:00,Kowalski,AA:42:A1:02:19:3F,-14, WPA2 ,0.000000,0.000000,0.000,0.000,AP
2025-03-05 18:41:05,1900-01-00 00:00:00,Kowalski,AA:42:A1:02:19:3F,-13, WPA2 ,0.000000,0.000000,0.000,0.000,AP
2025-03-05 18:41:05,1900-01-00 00:00:00,Kowalski,AA:42:A1:02:19:3F,-15, WPA2 ,0.000000,0.000000,0.000,0.000,AP
2025-03-05 18:41:05,1900-01-00 00:00:00,Kowalski,AA:42:A1:02:19:3F,-15, WPA2 ,0.000000,0.000000,0.000,0.000,AP
2025-03-05 18:41:05,1900-01-00 00:00:00,Kowalski,AA:42:A1:02:19:3F,-14, WPA2 ,0.000000,0.000000,0.000,0.000,AP
2025-03-05 18:41:05,1900-01-00 00:00:00,Kowalski,AA:42:A1:02:19:3F,-14, WPA2 ,0.000000,0.000000,0.000,0.000,AP
2025-03-05 18:41:05,1900-01-00 00:00:00,Kowalski,AA:42:A1:02:19:3F,-13, WPA2 ,0.000000,0.000000,0.000,0.000,AP
2025-03-05 18:41:05,1900-01-00 00:00:00,Kowalski,AA:42:A1:02:19:3F,-15, WPA2 ,0.000000,0.000000,0.000,0.000,AP
2025-03-05 18:41:05,1900-01-00 00:00:00,Kowalski,AA:42:A1:02:19:3F,-16, WPA2 ,0.000000,0.000000,0.000,0.000,AP
2025-03-05 18:41:05,1900-01-00 00:00:00,Kowalski,AA:42:A1:02:19:3F,-15, WPA2 ,0.000000,0.000000,0.000,0.000,AP
2025-03-05 18:41:05,1900-01-00 00:00:00,Kowalski,AA:42:A1:02:19:3F,-14, WPA2 ,0.000000,0.000000,0.000,0.000,AP
2025-03-05 18:41:05,1900-01-00 00:00:00,,82:45:EE:9E:43:25,-39,,0.000000,0.000000,0.000,0.000,Client
2025-03-05 18:41:05,1900-01-00 00:00:00,Kowalski,AA:42:A1:02:19:3F,-15, WPA2 ,0.000000,0.000000,0.000,0.000,AP
2025-03-05 18:41:05,1900-01-00 00:00:00,Kowalski,AA:42:A1:02:19:3F,-14, WPA2 ,0.000000,0.000000,0.000,0.000,AP
2025-03-05 18:41:05,1900-01-00 00:00:00,Kowalski,AA:42:A1:02:19:3F,-15, WPA2 ,0.000000,0.000000,0.000,0.000,AP
2025-03-05 18:41:05,1900-01-00 00:00:00,Kowalski,AA:42:A1:02:19:3F,-15, WPA2 ,0.000000,0.000000,0.000,0.000,AP
2025-03-05 18:41:05,1900-01-00 00:00:00,Kowalski,AA:42:A1:02:19:3F,-14, WPA2 ,0.000000,0.000000,0.000,0.000,AP
2025-03-05 18:41:05,1900-01-00 00:00:00,,82:45:EE:9E:43:25,-39,,0.000000,0.000000,0.000,0.000,Client
2025-03-05 18:41:05,1900-01-00 00:00:00,Kowalski,AA:42:A1:02:19:3F,-13, WPA2 ,0.000000,0.000000,0.000,0.000,AP
2025-03-05 18:41:05,1900-01-00 00:00:00,,82:45:EE:9E:43:25,-37,,0.000000,0.000000,0.000,0.000,Client
2025-03-05 18:41:05,1900-01-00 00:00:00,,82:45:EE:9E:43:25,-37,,0.000000,0.000000,0.000,0.000,Client
2025-03-05 18:41:05,1900-01-00 00:00:00,,82:45:EE:9E:43:25,-35,,0.000000,0.000000,0.000,0.000,Client
2025-03-05 18:41:05,1900-01-00 00:00:00,Kowalski,AA:42:A1:02:19:3F,-15, WPA2 ,0.000000,0.000000,0.000,0.000,AP
2025-03-05 18:41:05,1900-01-00 00:00:00,,82:45:EE:9E:43:25,-35,,0.000000,0.000000,0.000,0.000,Client
2025-03-05 18:41:05,1900-01-00 00:00:00,Kowalski,AA:42:A1:02:19:3F,-16, WPA2 ,0.000000,0.000000,0.000,0.000,AP
2025-03-05 18:41:05,1900-01-00 00:00:00,,82:45:EE:9E:43:25,-35,,0.000000,0.000000,0.000,0.000,Client
2025-03-05 18:41:05,1900-01-00 00:00:00,Kowalski,AA:42:A1:02:19:3F,-14, WPA2 ,0.000000,0.000000,0.000,0.000,AP
2025-03-05 18:41:05,1900-01-00 00:00:00,Kowalski,AA:42:A1:02:19:3F,-14, WPA2 ,0.000000,0.000000,0.000,0.000,AP
2025-03-05 18:41:05,1900-01-00 00:00:00,Kowalski,AA:42:A1:02:19:3F,-14, WPA2 ,0.000000,0.000000,0.000,0.000,AP
2025-03-05 18:41:05,1900-01-00 00:00:00,Kowalski,AA:42:A1:02:19:3F,-14, WPA2 ,0.000000,0.000000,0.000,0.000,AP
2025-03-05 18:41:05,1900-01-00 00:00:00,Kowalski,AA:42:A1:02:19:3F,-15, WPA2 ,0.000000,0.000000,0.000,0.000,AP
2025-03-05 18:41:05,1900-01-00 00:00:00,,82:45:EE:9E:43:25,-36,,0.000000,0.000000,0.000,0.000,Client
2025-03-05 18:41:05,1900-01-00 00:00:00,Kowalski,AA:42:A1:02:19:3F,-15, WPA2 ,0.000000,0.000000,0.000,0.000,AP
2025-03-05 18:41:05,1900-01-00 00:00:00,Kowalski,AA:42:A1:02:19:3F,-15, WPA2 ,0.000000,0.000000,0.000,0.000,AP
2025-03-05 18:41:05,1900-01-00 00:00:00,,82:45:EE:9E:43:25,-35,,0.000000,0.000000,0.000,0.000,Client
2025-03-05 18:41:05,1900-01-00 00:00:00,Kowalski,AA:42:A1:02:19:3F,-15, WPA2 ,0.000000,0.000000,0.000,0.000,AP
2025-03-05 18:41:06,1900-01-00 00:00:00,,82:45:EE:9E:43:25,-34,,0.000000,0.000000,0.000,0.000,Client
2025-03-05 18:41:06,1900-01-00 00:00:00,,82:45:EE:9E:43:25,-38,,0.000000,0.000000,0.000,0.000,Client
2025-03-05 18:41:06,1900-01-00 00:00:00,Kowalski,AA:42:A1:02:19:3F,-14, WPA2 ,0.000000,0.000000,0.000,0.000,AP
2025-03-05 18:41:06,1900-01-00 00:00:00,Kowalski,AA:42:A1:02:19:3F,-15, WPA2 ,0.000000,0.000000,0.000,0.000,AP
2025-03-05 18:41:06,1900-01-00 00:00:00,,82:45:EE:9E:43:25,-51,,0.000000,0.000000,0.000,0.000,Client
2025-03-05 18:41:06,1900-01-00 00:00:00,Kowalski,AA:42:A1:02:19:3F,-15, WPA2 ,0.000000,0.000000,0.000,0.000,AP
2025-03-05 18:41:06,1900-01-00 00:00:00,,82:45:EE:9E:43:25,-35,,0.000000,0.000000,0.000,0.000,Client
2025-03-05 18:41:06,1900-01-00 00:00:00,,82:45:EE:9E:43:25,-38,,0.000000,0.000000,0.000,0.000,Client
2025-03-05 18:41:06,1900-01-00 00:00:00,Kowalski,AA:42:A1:02:19:3F,-15, WPA2 ,0.000000,0.000000,0.000,0.000,AP
2025-03-05 18:41:06,1900-01-00 00:00:00,,82:45:EE:9E:43:25,-37,,0.000000,0.000000,0.000,0.000,Client
2025-03-05 18:41:06,1900-01-00 00:00:00,Kowalski,AA:42:A1:02:19:3F,-15, WPA2 ,0.000000,0.000000,0.000,0.000,AP
2025-03-05 18:41:06,1900-01-00 00:00:00,,82:45:EE:9E:43:25,-37,,0.000000,0.000000,0.000,0.000,Client
2025-03-05 18:41:06,1900-01-00 00:00:00,Kowalski,AA:42:A1:02:19:3F,-17, WPA2 ,0.000000,0.000000,0.000,0.000,AP
2025-03-05 18:41:06,1900-01-00 00:00:00,,82:45:EE:9E:43:25,-37,,0.000000,0.000000,0.000,0.000,Client
2025-03-05 18:41:06,1900-01-00 00:00:00,,82:45:EE:9E:43:25,-36,,0.000000,0.000000,0.000,0.000,Client
2025-03-05 18:41:06,1900-01-00 00:00:00,Kowalski,AA:42:A1:02:19:3F,-15, WPA2 ,0.000000,0.000000,0.000,0.000,AP
2025-03-05 18:41:06,1900-01-00 00:00:00,Kowalski,AA:42:A1:02:19:3F,-15, WPA2 ,0.000000,0.000000,0.000,0.000,AP
2025-03-05 18:41:06,1900-01-00 00:00:00,Kowalski,AA:42:A1:02:19:3F,-15, WPA2 ,0.000000,0.000000,0.000,0.000,AP
2025-03-05 18:41:06,1900-01-00 00:00:00,Kowalski,AA:42:A1:02:19:3F,-15, WPA2 ,0.000000,0.000000,0.000,0.000,AP
2025-03-05 18:41:06,1900-01-00 00:00:00,Kowalski,AA:42:A1:02:19:3F,-14, WPA2 ,0.000000,0.000000,0.000,0.000,AP
2025-03-05 18:41:06,1900-01-00 00:00:00,Kowalski,AA:42:A1:02:19:3F,-15, WPA2 ,0.000000,0.000000,0.000,0.000,AP
2025-03-05 18:41:06,1900-01-00 00:00:00,Kowalski,AA:42:A1:02:19:3F,-14, WPA2 ,0.000000,0.000000,0.000,0.000,AP
2025-03-05 18:41:06,1900-01-00 00:00:00,Kowalski,AA:42:A1:02:19:3F,-17, WPA2 ,0.000000,0.000000,0.000,0.000,AP
2025-03-05 18:41:06,1900-01-00 00:00:00,Kowalski,AA:42:A1:02:19:3F,-14, WPA2 ,0.000000,0.000000,0.000,0.000,AP
2025-03-05 18:41:06,1900-01-00 00:00:00,Kowalski,AA:42:A1:02:19:3F,-14, WPA2 ,0.000000,0.000000,0.000,0.000,AP
2025-03-05 18:41:06,1900-01-00 00:00:00,,82:45:EE:9E:43:25,-32,,0.000000,0.000000,0.000,0.000,Client
2025-03-05 18:41:06,1900-01-00 00:00:00,,82:45:EE:9E:43:25,-31,,0.000000,0.000000,0.000,0.000,Client
2025-03-05 18:41:06,1900-01-00 00:00:00,Kowalski,AA:42:A1:02:19:3F,-15, WPA2 ,0.000000,0.000000,0.000,0.000,AP
2025-03-05 18:41:06,1900-01-00 00:00:00,Kowalski,AA:42:A1:02:19:3F,-15, WPA2 ,0.000000,0.000000,0.000,0.000,AP
2025-03-05 18:41:07,1900-01-00 00:00:00,Kowalski,AA:42:A1:02:19:3F,-14, WPA2 ,0.000000,0.000000,0.000,0.000,AP
2025-03-05 18:41:07,1900-01-00 00:00:00,,82:45:EE:9E:43:25,-34,,0.000000,0.000000,0.000,0.000,Client
2025-03-05 18:41:07,1900-01-00 00:00:00,Kowalski,AA:42:A1:02:19:3F,-15, WPA2 ,0.000000,0.000000,0.000,0.000,AP
2025-03-05 18:41:07,1900-01-00 00:00:00,Kowalski,AA:42:A1:02:19:3F,-14, WPA2 ,0.000000,0.000000,0.000,0.000,AP
2025-03-05 18:41:07,1900-01-00 00:00:00,,82:45:EE:9E:43:25,-33,,0.000000,0.000000,0.000,0.000,Client
2025-03-05 18:41:07,1900-01-00 00:00:00,Kowalski,AA:42:A1:02:19:3F,-15, WPA2 ,0.000000,0.000000,0.000,0.000,AP
2025-03-05 18:41:07,1900-01-00 00:00:00,Kowalski,AA:42:A1:02:19:3F,-14, WPA2 ,0.000000,0.000000,0.000,0.000,AP
2025-03-05 18:41:07,1900-01-00 00:00:00,,82:45:EE:9E:43:25,-33,,0.000000,0.000000,0.000,0.000,Client
2025-03-05 18:41:07,1900-01-00 00:00:00,Kowalski,AA:42:A1:02:19:3F,-15, WPA2 ,0.000000,0.000000,0.000,0.000,AP
2025-03-05 18:41:07,1900-01-00 00:00:00,,82:45:EE:9E:43:25,-34,,0.000000,0.000000,0.000,0.000,Client
2025-03-05 18:41:07,1900-01-00 00:00:00,,82:45:EE:9E:43:25,-34,,0.000000,0.000000,0.000,0.000,Client
2025-03-05 18:41:07,1900-01-00 00:00:00,Kowalski,AA:42:A1:02:19:3F,-14, WPA2 ,0.000000,0.000000,0.000,0.000,AP
2025-03-05 18:41:07,1900-01-00 00:00:00,Kowalski,AA:42:A1:02:19:3F,-15, WPA2 ,0.000000,0.000000,0.000,0.000,AP
2025-03-05 18:41:07,1900-01-00 00:00:00,,82:45:EE:9E:43:25,-32,,0.000000,0.000000,0.000,0.000,Client
2025-03-05 18:41:07,1900-01-00 00:00:00,Kowalski,AA:42:A1:02:19:3F,-14, WPA2 ,0.000000,0.000000,0.000,0.000,AP
2025-03-05 18:41:08,1900-01-00 00:00:00,Kowalski,AA:42:A1:02:19:3F,-14, WPA2 ,0.000000,0.000000,0.000,0.000,AP
2025-03-05 18:41:08,1900-01-00 00:00:00,Kowalski,AA:42:A1:02:19:3F,-16, WPA2 ,0.000000,0.000000,0.000,0.000,AP
2025-03-05 18:41:08,1900-01-00 00:00:00,Kowalski,AA:42:A1:02:19:3F,-14, WPA2 ,0.000000,0.000000,0.000,0.000,AP
2025-03-05 18:41:08,1900-01-00 00:00:00,Kowalski,AA:42:A1:02:19:3F,-16, WPA2 ,0.000000,0.000000,0.000,0.000,AP
2025-03-05 18:41:08,1900-01-00 00:00:00,Kowalski,AA:42:A1:02:19:3F,-14, WPA2 ,0.000000,0.000000,0.000,0.000,AP
2025-03-05 18:41:08,1900-01-00 00:00:00,,82:45:EE:9E:43:25,-34,,0.000000,0.000000,0.000,0.000,Client
2025-03-05 18:41:08,1900-01-00 00:00:00,Kowalski,AA:42:A1:02:19:3F,-16, WPA2 ,0.000000,0.000000,0.000,0.000,AP
2025-03-05 18:41:08,1900-01-00 00:00:00,Kowalski,AA:42:A1:02:19:3F,-15, WPA2 ,0.000000,0.000000,0.000,0.000,AP
2025-03-05 18:41:08,1900-01-00 00:00:00,,82:45:EE:9E:43:25,-34,,0.000000,0.000000,0.000,0.000,Client
2025-03-05 18:41:08,1900-01-00 00:00:00,Kowalski,AA:42:A1:02:19:3F,-14, WPA2 ,0.000000,0.000000,0.000,0.000,AP
2025-03-05 18:41:08,1900-01-00 00:00:00,Kowalski,AA:42:A1:02:19:3F,-15, WPA2 ,0.000000,0.000000,0.000,0.000,AP
2025-03-05 18:41:08,1900-01-00 00:00:00,,82:45:EE:9E:43:25,-34,,0.000000,0.000000,0.000,0.000,Client
2025-03-05 18:41:08,1900-01-00 00:00:00,Kowalski,AA:42:A1:02:19:3F,-13, WPA2 ,0.000000,0.000000,0.000,0.000,AP
2025-03-05 18:41:09,1900-01-00 00:00:00,Kowalski,AA:42:A1:02:19:3F,-15, WPA2 ,0.000000,0.000000,0.000,0.000,AP
2025-03-05 18:41:09,1900-01-00 00:00:00,,82:45:EE:9E:43:25,-32,,0.000000,0.000000,0.000,0.000,Client
2025-03-05 18:41:09,1900-01-00 00:00:00,Kowalski,AA:42:A1:02:19:3F,-14, WPA2 ,0.000000,0.000000,0.000,0.000,AP
2025-03-05 18:41:09,1900-01-00 00:00:00,Kowalski,AA:42:A1:02:19:3F,-14, WPA2 ,0.000000,0.000000,0.000,0.000,AP
2025-03-05 18:41:09,1900-01-00 00:00:00,,82:45:EE:9E:43:25,-33,,0.000000,0.000000,0.000,0.000,Client
2025-03-05 18:41:09,1900-01-00 00:00:00,Kowalski,AA:42:A1:02:19:3F,-14, WPA2 ,0.000000,0.000000,0.000,0.000,AP
2025-03-05 18:41:09,1900-01-00 00:00:00,Kowalski,AA:42:A1:02:19:3F,-14, WPA2 ,0.000000,0.000000,0.000,0.000,AP
2025-03-05 18:41:09,1900-01-00 00:00:00,Kowalski,AA:42:A1:02:19:3F,-15, WPA2 ,0.000000,0.000000,0.000,0.000,AP
2025-03-05 18:41:09,1900-01-00 00:00:00,,82:45:EE:9E:43:25,-32,,0.000000,0.000000,0.000,0.000,Client
2025-03-05 18:41:09,1900-01-00 00:00:00,Kowalski,AA:42:A1:02:19:3F,-15, WPA2 ,0.000000,0.000000,0.000,0.000,AP
2025-03-05 18:41:09,1900-01-00 00:00:00,Kowalski,AA:42:A1:02:19:3F,-17, WPA2 ,0.000000,0.000000,0.000,0.000,AP
2025-03-05 18:41:09,1900-01-00 00:00:00,,82:45:EE:9E:43:25,-32,,0.000000,0.000000,0.000,0.000,Client
2025-03-05 18:41:09,1900-01-00 00:00:00,,82:45:EE:9E:43:25,-32,,0.000000,0.000000,0.000,0.000,Client
2025-03-05 18:41:09,1900-01-00 00:00:00,Kowalski,AA:42:A1:02:19:3F,-14, WPA2 ,0.000000,0.000000,0.000,0.000,AP
2025-03-05 18:41:09,1900-01-00 00:00:00,Kowalski,AA:42:A1:02:19:3F,-15, WPA2 ,0.000000,0.000000,0.000,0.000,AP
2025-03-05 18:41:09,1900-01-00 00:00:00,,82:45:EE:9E:43:25,-33,,0.000000,0.000000,0.000,0.000,Client
2025-03-05 18:41:10,1900-01-00 00:00:00,Kowalski,AA:42:A1:02:19:3F,-14, WPA2 ,0.000000,0.000000,0.000,0.000,AP
2025-03-05 18:41:10,1900-01-00 00:00:00,,82:45:EE:9E:43:25,-35,,0.000000,0.000000,0.000,0.000,Client
2025-03-05 18:41:10,1900-01-00 00:00:00,Kowalski,AA:42:A1:02:19:3F,-15, WPA2 ,0.000000,0.000000,0.000,0.000,AP
2025-03-05 18:41:10,1900-01-00 00:00:00,Kowalski,AA:42:A1:02:19:3F,-14, WPA2 ,0.000000,0.000000,0.000,0.000,AP
2025-03-05 18:41:10,1900-01-00 00:00:00,Kowalski,AA:42:A1:02:19:3F,-16, WPA2 ,0.000000,0.000000,0.000,0.000,AP
2025-03-05 18:41:10,1900-01-00 00:00:00,Kowalski,AA:42:A1:02:19:3F,-14, WPA2 ,0.000000,0.000000,0.000,0.000,AP
2025-03-05 18:41:10,1900-01-00 00:00:00,Kowalski,AA:42:A1:02:19:3F,-15, WPA2 ,0.000000,0.000000,0.000,0.000,AP
2025-03-05 18:41:10,1900-01-00 00:00:00,Kowalski,AA:42:A1:02:19:3F,-16, WPA2 ,0.000000,0.000000,0.000,0.000,AP
2025-03-05 18:41:10,1900-01-00 00:00:00,Kowalski,AA:42:A1:02:19:3F,-14, WPA2 ,0.000000,0.000000,0.000,0.000,AP
2025-03-05 18:41:10,1900-01-00 00:00:00,Kowalski,AA:42:A1:02:19:3F,-14, WPA2 ,0.000000,0.000000,0.000,0.000,AP
2025-03-05 18:41:10,1900-01-00 00:00:00,Kowalski,AA:42:A1:02:19:3F,-15, WPA2 ,0.000000,0.000000,0.000,0.000,AP
2025-03-05 18:41:10,1900-01-00 00:00:00,Kowalski,AA:42:A1:02:19:3F,-16, WPA2 ,0.000000,0.000000,0.000,0.000,AP
2025-03-05 18:41:10,1900-01-00 00:00:00,Kowalski,AA:42:A1:02:19:3F,-14, WPA2 ,0.000000,0.000000,0.000,0.000,AP
2025-03-05 18:41:10,1900-01-00 00:00:00,Kowalski,AA:42:A1:02:19:3F,-15, WPA2 ,0.000000,0.000000,0.000,0.000,AP
2025-03-05 18:41:10,1900-01-00 00:00:00,Kowalski,AA:42:A1:02:19:3F,-13, WPA2 ,0.000000,0.000000,0.000,0.000,AP
2025-03-05 18:41:10,1900-01-00 00:00:00,Kowalski,AA:42:A1:02:19:3F,-15, WPA2 ,0.000000,0.000000,0.000,0.000,AP
2025-03-05 18:41:10,1900-01-00 00:00:00,Kowalski,AA:42:A1:02:19:3F,-16, WPA2 ,0.000000,0.000000,0.000,0.000,AP
2025-03-05 18:41:10,1900-01-00 00:00:00,Kowalski,AA:42:A1:02:19:3F,-14, WPA2 ,0.000000,0.000000,0.000,0.000,AP
2025-03-05 18:41:10,1900-01-00 00:00:00,Kowalski,AA:42:A1:02:19:3F,-15, WPA2 ,0.000000,0.000000,0.000,0.000,AP
2025-03-05 18:41:10,1900-01-00 00:00:00,,82:45:EE:9E:43:25,-29,,0.000000,0.000000,0.000,0.000,Client
2025-03-05 18:41:10,1900-01-00 00:00:00,Kowalski,AA:42:A1:02:19:3F,-14, WPA2 ,0.000000,0.000000,0.000,0.000,AP
2025-03-05 18:41:10,1900-01-00 00:00:00,Kowalski,AA:42:A1:02:19:3F,-16, WPA2 ,0.000000,0.000000,0.000,0.000,AP
2025-03-05 18:41:11,1900-01-00 00:00:00,Kowalski,AA:42:A1:02:19:3F,-13, WPA2 ,0.000000,0.000000,0.000,0.000,AP
2025-03-05 18:41:11,1900-01-00 00:00:00,Kowalski,AA:42:A1:02:19:3F,-15, WPA2 ,0.000000,0.000000,0.000,0.000,AP
2025-03-05 18:41:11,1900-01-00 00:00:00,Kowalski,AA:42:A1:02:19:3F,-14, WPA2 ,0.000000,0.000000,0.000,0.000,AP
